{
  "type": "minecraft:chest",
  "pools": [
    {
      "rolls": { "min": 2, "max": 4 },
      "entries": [
        { "type": "minecraft:item", "name": "minecraft:bread", "weight": 20, "functions": [{ "function": "minecraft:set_count", "count": { "min": 1, "max": 3 }}]},
        { "type": "minecraft:item", "name": "minecraft:apple", "weight": 15, "functions": [{ "function": "minecraft:set_count", "count": { "min": 1, "max": 2 }}]},
        { "type": "minecraft:item", "name": "minecraft:coal", "weight": 20, "functions": [{ "function": "minecraft:set_count", "count": { "min": 3, "max": 8 }}]},
        { "type": "minecraft:item", "name": "minecraft:stick", "weight": 15, "functions": [{ "function": "minecraft:set_count", "count": { "min": 2, "max": 5 }}]},
        { "type": "minecraft:item", "name": "minecraft:wooden_sword", "weight": 10 },
        { "type": "minecraft:item", "name": "minecraft:leather_helmet", "weight": 8 },
        { "type": "minecraft:item", "name": "minecraft:arrow", "weight": 12, "functions": [{ "function": "minecraft:set_count", "count": { "min": 5, "max": 10 }}]}
      ]
    }
  ]
}
