{
  "type": "minecraft:chest",
  "pools": [
    {
      "rolls": { "min": 5, "max": 8 },
      "entries": [
        { "type": "minecraft:item", "name": "minecraft:netherite_ingot", "weight": 10, "functions": [{ "function": "minecraft:set_count", "count": { "min": 1, "max": 2 }}]},
        { "type": "minecraft:item", "name": "minecraft:diamond", "weight": 15, "functions": [{ "function": "minecraft:set_count", "count": { "min": 3, "max": 6 }}]},
        { "type": "minecraft:item", "name": "minecraft:enchanted_golden_apple", "weight": 12, "functions": [{ "function": "minecraft:set_count", "count": { "min": 1, "max": 2 }}]},
        { "type": "minecraft:item", "name": "minecraft:diamond_sword", "weight": 12, "functions": [{ "function": "minecraft:enchant_with_levels", "levels": { "min": 20, "max": 30 }, "treasure": true }]},
        { "type": "minecraft:item", "name": "minecraft:diamond_chestplate", "weight": 10, "functions": [{ "function": "minecraft:enchant_with_levels", "levels": { "min": 20, "max": 30 }, "treasure": true }]},
        { "type": "minecraft:item", "name": "minecraft:trident", "weight": 8, "functions": [{ "function": "minecraft:enchant_randomly" }]},
        { "type": "minecraft:item", "name": "minecraft:enchanted_book", "weight": 15, "functions": [{ "function": "minecraft:enchant_with_levels", "levels": { "min": 25, "max": 35 }, "treasure": true }]},
        { "type": "minecraft:item", "name": "minecraft:totem_of_undying", "weight": 5 },
        { "type": "minecraft:item", "name": "minecraft:elytra", "weight": 5, "functions": [{ "function": "minecraft:set_damage", "damage": { "min": 0.2, "max": 0.5 }}]}
      ]
    }
  ]
}
