{
  "type": "minecraft:chest",
  "pools": [
    {
      "rolls": { "min": 7, "max": 10 },
      "entries": [
        { "type": "minecraft:item", "name": "minecraft:netherite_ingot", "weight": 15, "functions": [{ "function": "minecraft:set_count", "count": { "min": 2, "max": 4 }}]},
        { "type": "minecraft:item", "name": "minecraft:diamond_block", "weight": 12, "functions": [{ "function": "minecraft:set_count", "count": { "min": 1, "max": 3 }}]},
        { "type": "minecraft:item", "name": "minecraft:enchanted_golden_apple", "weight": 15, "functions": [{ "function": "minecraft:set_count", "count": { "min": 2, "max": 4 }}]},
        { "type": "minecraft:item", "name": "minecraft:netherite_sword", "weight": 12, "functions": [{ "function": "minecraft:enchant_with_levels", "levels": { "min": 30, "max": 39 }, "treasure": true }]},
        { "type": "minecraft:item", "name": "minecraft:netherite_chestplate", "weight": 10, "functions": [{ "function": "minecraft:enchant_with_levels", "levels": { "min": 30, "max": 39 }, "treasure": true }]},
        { "type": "minecraft:item", "name": "minecraft:netherite_helmet", "weight": 10, "functions": [{ "function": "minecraft:enchant_with_levels", "levels": { "min": 30, "max": 39 }, "treasure": true }]},
        { "type": "minecraft:item", "name": "minecraft:trident", "weight": 10, "functions": [{ "function": "minecraft:enchant_with_levels", "levels": { "min": 25, "max": 35 }, "treasure": true }]},
        { "type": "minecraft:item", "name": "minecraft:enchanted_book", "weight": 15, "functions": [{ "function": "minecraft:enchant_with_levels", "levels": { "min": 30, "max": 39 }, "treasure": true }]},
        { "type": "minecraft:item", "name": "minecraft:totem_of_undying", "weight": 10, "functions": [{ "function": "minecraft:set_count", "count": { "min": 1, "max": 2 }}]},
        { "type": "minecraft:item", "name": "minecraft:elytra", "weight": 10 },
        { "type": "minecraft:item", "name": "minecraft:nether_star", "weight": 8 },
        { "type": "minecraft:item", "name": "minecraft:dragon_egg", "weight": 3 },
        { "type": "minecraft:item", "name": "minecraft:beacon", "weight": 5 }
      ]
    }
  ]
}
