{
  "type": "minecraft:chest",
  "pools": [
    {
      "rolls": { "min": 4, "max": 6 },
      "entries": [
        { "type": "minecraft:item", "name": "minecraft:diamond", "weight": 15, "functions": [{ "function": "minecraft:set_count", "count": { "min": 1, "max": 3 }}]},
        { "type": "minecraft:item", "name": "minecraft:emerald", "weight": 12, "functions": [{ "function": "minecraft:set_count", "count": { "min": 2, "max": 5 }}]},
        { "type": "minecraft:item", "name": "minecraft:golden_apple", "weight": 15, "functions": [{ "function": "minecraft:set_count", "count": { "min": 1, "max": 2 }}]},
        { "type": "minecraft:item", "name": "minecraft:diamond_sword", "weight": 10, "functions": [{ "function": "minecraft:enchant_randomly" }]},
        { "type": "minecraft:item", "name": "minecraft:diamond_chestplate", "weight": 10, "functions": [{ "function": "minecraft:enchant_randomly" }]},
        { "type": "minecraft:item", "name": "minecraft:diamond_pickaxe", "weight": 10, "functions": [{ "function": "minecraft:enchant_randomly" }]},
        { "type": "minecraft:item", "name": "minecraft:enchanted_book", "weight": 12, "functions": [{ "function": "minecraft:enchant_randomly" }]},
        { "type": "minecraft:item", "name": "minecraft:ender_pearl", "weight": 10, "functions": [{ "function": "minecraft:set_count", "count": { "min": 2, "max": 4 }}]}
      ]
    }
  ]
}
