{
  "type": "minecraft:chest",
  "pools": [
    {
      "rolls": { "min": 3, "max": 5 },
      "entries": [
        { "type": "minecraft:item", "name": "minecraft:iron_ingot", "weight": 20, "functions": [{ "function": "minecraft:set_count", "count": { "min": 2, "max": 5 }}]},
        { "type": "minecraft:item", "name": "minecraft:gold_ingot", "weight": 10, "functions": [{ "function": "minecraft:set_count", "count": { "min": 1, "max": 3 }}]},
        { "type": "minecraft:item", "name": "minecraft:cooked_beef", "weight": 15, "functions": [{ "function": "minecraft:set_count", "count": { "min": 3, "max": 6 }}]},
        { "type": "minecraft:item", "name": "minecraft:iron_sword", "weight": 12 },
        { "type": "minecraft:item", "name": "minecraft:iron_helmet", "weight": 10 },
        { "type": "minecraft:item", "name": "minecraft:chainmail_chestplate", "weight": 8 },
        { "type": "minecraft:item", "name": "minecraft:bow", "weight": 10, "functions": [{ "function": "minecraft:enchant_randomly" }]},
        { "type": "minecraft:item", "name": "minecraft:experience_bottle", "weight": 10, "functions": [{ "function": "minecraft:set_count", "count": { "min": 1, "max": 3 }}]}
      ]
    }
  ]
}
