{
  "feature": "myfirstmod:rare_loot_chest",
  "placement": [
    {
      "type": "minecraft:rarity_filter",
      "chance": 64
    },
    {
      "type": "minecraft:in_square"
    },
    {
      "type": "minecraft:heightmap",
      "heightmap": "MOTION_BLOCKING_NO_LEAVES"
    },
    {
      "type": "minecraft:block_predicate_filter",
      "predicate": {
        "type": "minecraft:not",
        "predicate": {
          "type": "minecraft:matching_blocks",
          "offset": [0, -1, 0],
          "blocks": ["minecraft:water", "minecraft:lava"]
        }
      }
    },
    {
      "type": "minecraft:biome"
    }
  ]
}
